{
  "definitions": {
    "XXX_GbiCustomerAttr": {
      "kind": "entity",
      "@EndUserText.label": "XXX_GbiCustomerAttr",
      "@ObjectModel.modelingPattern": {
        "#": "DATA_STRUCTURE"
      },
      "@ObjectModel.supportedCapabilities": [
        {
          "#": "DATA_STRUCTURE"
        }
      ],
      "@DataWarehouse.pinToMemory": true,
      "elements": {
        "CustomerId": {
          "type": "cds.Integer",
          "key": true,
          "notNull": true
        },
        "City": {
          "type": "cds.String",
          "length": 20
        },
        "SalesOrg": {
          "type": "cds.String",
          "length": 4
        },
        "Country": {
          "type": "cds.String",
          "length": 3
        },
        "Currency": {
          "type": "cds.String",
          "length": 5
        },
        "_XXX_GbiOrders": {
          "type": "cds.Association",
          "@EndUserText.label": "_XXX_GbiOrders",
          "on": [
            {
              "ref": [
                "CustomerId"
              ]
            },
            "=",
            {
              "ref": [
                "_XXX_GbiOrders",
                "CustomerId"
              ]
            }
          ],
          "target": "XXX_GbiOrders"
        }
      }
    },
    "XXX_GbiCustomerText": {
      "kind": "entity",
      "@EndUserText.label": "XXX_GbiCustomerText",
      "@ObjectModel.modelingPattern": {
        "#": "DATA_STRUCTURE"
      },
      "@ObjectModel.supportedCapabilities": [
        {
          "#": "DATA_STRUCTURE"
        }
      ],
      "@DataWarehouse.pinToMemory": true,
      "elements": {
        "CustomerId": {
          "type": "cds.Integer",
          "key": true,
          "notNull": true
        },
        "CustDescr": {
          "type": "cds.String",
          "length": 40
        },
        "_XXX_GbiCustomerAttr": {
          "type": "cds.Association",
          "@EndUserText.label": "_XXX_GbiCustomerAttr",
          "on": [
            {
              "ref": [
                "CustomerId"
              ]
            },
            "=",
            {
              "ref": [
                "_XXX_GbiCustomerAttr",
                "CustomerId"
              ]
            }
          ],
          "target": "XXX_GbiCustomerAttr"
        }
      }
    },
    "XXX_GbiOrderItems": {
      "kind": "entity",
      "@EndUserText.label": "XXX_GbiOrderItems",
      "@ObjectModel.modelingPattern": {
        "#": "DATA_STRUCTURE"
      },
      "@ObjectModel.supportedCapabilities": [
        {
          "#": "DATA_STRUCTURE"
        }
      ],
      "@DataWarehouse.pinToMemory": true,
      "elements": {
        "OrderNumber": {
          "type": "cds.Integer",
          "key": true,
          "notNull": true
        },
        "OrderItem": {
          "type": "cds.Integer",
          "key": true,
          "notNull": true
        },
        "ProductId": {
          "type": "cds.String",
          "length": 18
        },
        "SalesQuantity": {
          "type": "cds.Integer"
        },
        "UnitOfMeasure": {
          "@EndUserText.label": "UnitOfMeasure",
          "type": "cds.String",
          "length": 3,
          "@Analytics.dimension": true
        },
        "Revenue": {
          "precision": 15,
          "scale": 2,
          "type": "cds.Decimal"
        },
        "Currency": {
          "@EndUserText.label": "Currency",
          "type": "cds.String",
          "length": 5
        },
        "Discount": {
          "precision": 15,
          "scale": 2,
          "type": "cds.Decimal"
        },
        "RevenueUSD": {
          "precision": 15,
          "scale": 2,
          "type": "cds.Decimal"
        },
        "DiscountUSD": {
          "precision": 15,
          "scale": 2,
          "type": "cds.Decimal"
        },
        "CostsUSD": {
          "precision": 15,
          "scale": 2,
          "type": "cds.Decimal"
        }
      }
    },
    "XXX_GbiOrders": {
      "kind": "entity",
      "@EndUserText.label": "XXX_GbiOrders",
      "@ObjectModel.modelingPattern": {
        "#": "DATA_STRUCTURE"
      },
      "@ObjectModel.supportedCapabilities": [
        {
          "#": "DATA_STRUCTURE"
        }
      ],
      "@DataWarehouse.pinToMemory": true,
      "elements": {
        "OrderNumber": {
          "type": "cds.Integer",
          "key": true,
          "notNull": true
        },
        "Date": {
          "type": "cds.Date"
        },
        "CustomerId": {
          "type": "cds.Integer"
        },
        "_XXX_GbiOrderItems": {
          "type": "cds.Association",
          "@EndUserText.label": "_XXX_GbiOrderItems",
          "on": [
            {
              "ref": [
                "OrderNumber"
              ]
            },
            "=",
            {
              "ref": [
                "_XXX_GbiOrderItems",
                "OrderNumber"
              ]
            }
          ],
          "target": "XXX_GbiOrderItems"
        }
      }
    },
    "XXX_GbiPlanData": {
      "kind": "entity",
      "@EndUserText.label": "XXX_GbiPlanData",
      "@ObjectModel.modelingPattern": {
        "#": "DATA_STRUCTURE"
      },
      "@ObjectModel.supportedCapabilities": [
        {
          "#": "DATA_STRUCTURE"
        }
      ],
      "elements": {
        "Year": {
          "@EndUserText.label": "Year",
          "type": "cds.Integer",
          "key": true,
          "notNull": true,
          "@Analytics.dimension": true
        },
        "CustomerId": {
          "@EndUserText.label": "CustomerId",
          "type": "cds.Integer",
          "key": true,
          "notNull": true,
          "@Analytics.dimension": true
        },
        "RevenuePlan": {
          "@EndUserText.label": "RevenuePlan",
          "precision": 15,
          "scale": 2,
          "type": "cds.Decimal",
          "@Analytics.dimension": true
        },
        "Currency": {
          "@EndUserText.label": "Currency",
          "type": "cds.String",
          "length": 5
        }
      }
    },
    "XXX_GbiProductAttr": {
      "kind": "entity",
      "@EndUserText.label": "XXX_GbiProductAttr",
      "@ObjectModel.modelingPattern": {
        "#": "DATA_STRUCTURE"
      },
      "@ObjectModel.supportedCapabilities": [
        {
          "#": "DATA_STRUCTURE"
        }
      ],
      "@DataWarehouse.pinToMemory": true,
      "elements": {
        "ProductId": {
          "type": "cds.String",
          "length": 18,
          "key": true,
          "notNull": true
        },
        "ProdCat": {
          "type": "cds.String",
          "length": 3
        },
        "CatDescr": {
          "type": "cds.String",
          "length": 40
        },
        "UOM": {
          "type": "cds.String",
          "length": 3
        },
        "Division": {
          "type": "cds.String",
          "length": 2
        },
        "_XXX_GbiProductText": {
          "type": "cds.Association",
          "@EndUserText.label": "_XXX_GbiProductText",
          "on": [
            {
              "ref": [
                "ProductId"
              ]
            },
            "=",
            {
              "ref": [
                "_XXX_GbiProductText",
                "ProductId"
              ]
            }
          ],
          "target": "XXX_GbiProductText"
        },
        "_XXX_GbiOrderItems1": {
          "type": "cds.Association",
          "@EndUserText.label": "_XXX_GbiOrderItems1",
          "on": [
            {
              "ref": [
                "ProductId"
              ]
            },
            "=",
            {
              "ref": [
                "_XXX_GbiOrderItems1",
                "ProductId"
              ]
            }
          ],
          "target": "XXX_GbiOrderItems"
        }
      }
    },
    "XXX_GbiProductText": {
      "kind": "entity",
      "@EndUserText.label": "XXX_GbiProductText",
      "@ObjectModel.modelingPattern": {
        "#": "DATA_STRUCTURE"
      },
      "@ObjectModel.supportedCapabilities": [
        {
          "#": "DATA_STRUCTURE"
        }
      ],
      "@DataWarehouse.pinToMemory": true,
      "elements": {
        "ProductId": {
          "type": "cds.String",
          "length": 18,
          "key": true,
          "notNull": true
        },
        "ProdDescr": {
          "type": "cds.String",
          "length": 40
        }
      }
    }
  },
  "version": {
    "csn": "1.0"
  },
  "meta": {
    "creator": "ER Modeler",
    "kind": "sap.dwc.ermodel",
    "label": "XXX_GbiSalesErmTemplate"
  },
  "$version": "1.1"
}